﻿{"cameraMode":{"drawMode":0,"name":"Shaded","section":"Shading Mode"},"sceneLighting":true,"audioPlay":false,"sceneViewState":{"showFog":true,"showMaterialUpdate":false,"showSkybox":true,"showFlares":true,"showImageEffects":true,"showParticleSystems":true},"in2DMode":false,"pivot":{"x":-2.9015252590179445,"y":-1.0406923294067383,"z":3.2669243812561037},"rotation":{"x":-0.20208561420440675,"y":0.08712919056415558,"z":-0.018053336068987848,"w":-0.9753174185752869},"size":29.191431045532228,"orthographic":false}